country,constituency,installed_cap_mwh,eqv_panel_area_m2,lat,long
England,Aldershot,5.0,306770.97189520736,51.2494169,-0.7630148
England,Aldridge-Brownhills,3.2,199834.38209819805,52.6182724,-1.9347986
England,Altrincham and Sale West,3.3,208265.9153139216,53.3984501,-2.3518228
England,Amber Valley,6.2,389319.5594283415,53.029057,-1.4624954
England,Arundel and South Downs,12.1,739320.5614422095,50.91667,-0.5
England,Ashfield,8.4,527899.6178173384,53.0897738,-1.2518767
England,Ashford,12.2,747578.1438317765,51.148555,0.8722566
England,Ashton-Under-Lyne,4.8,303300.3128773987,53.4865407,-2.098691
England,Aylesbury,7.1,438758.0264573926,51.8161412,-0.8130383
England,Banbury,11.8,731505.1086137352,52.0601807,-1.3402795
England,Barking,3.7,227840.8617075849,51.5389922,0.0804245
England,Barnsley Central,6.6,409680.9503699481,52.16045,-0.70312
England,Barnsley East,7.5,483318.8157563267,54.8689109,-1.8407677
England,Barrow and Furness,4.9,312291.8721396108,54.1007661,-3.2087524
England,Basildon and Billericay,4.7,289749.6763046993,51.62867,0.41963
England,Basingstoke,6.3,386596.3773887743,51.262826,-1.0861976
England,Bassetlaw,15.3,964946.4735162873,53.349452,-0.9616604
England,Bath,4.2,258115.23356161648,51.3813864,-2.3596963
England,Batley and Spen,5.8,360022.653355409,52.16045,-0.70312
England,Battersea,1.3,79983.04983954724,51.4707933,-0.172214
England,Beaconsfield,5.8,357470.6340173755,51.6082881,-0.6571233
England,Beckenham,2.5,153689.82677548853,51.4070938,-0.0303183
England,Bedford,5.5,341293.73362284864,52.1363806,-0.4675041
England,Bermondsey and Old Southwark,2.3,141563.1830027551,51.5013263,-0.0823122
England,Berwick-Upon-Tweed,10.4,679270.0966228918,55.7692442,-2.0026472
England,Bethnal Green and Bow,1.5,92356.84735343656,51.5295457,-0.0200652
England,Beverley and Holderness,10.2,646875.8983165653,53.75,-0.11667
England,Bexhill and Battle,11.4,696555.5381809502,50.91732,0.48417
England,Bexleyheath and Crayford,3.3,202985.31459886595,51.45187,0.17921
England,Birkenhead,3.2,201930.01372639037,53.3895177,-3.0248007
England,"Birmingham, Edgbaston",3.4,211852.36043135825,52.4504623,-1.931995
England,"Birmingham, Erdington",2.8,174642.1700243561,52.5264885,-1.8429462
England,"Birmingham, Hall Green",2.8,174405.14707732305,52.4237445,-1.8372711
England,"Birmingham, Hodge Hill",2.6,162129.5585619344,52.5087126,-1.8314157
England,"Birmingham, Ladywood",3.0,187000.8220277066,52.4797174,-1.9150344
England,"Birmingham, Northfield",3.4,211725.94866026653,52.405214,-1.9708282
England,"Birmingham, Perry Barr",2.2,137229.002235731,52.5320734,-1.9052972
England,"Birmingham, Selly Oak",2.6,162004.7462122151,52.4504623,-1.931995
England,"Birmingham, Yardley",2.6,162063.90849686402,52.4780976,-1.8287587
England,Bishop Auckland,8.1,520427.3083029639,54.6640762,-1.6752864
England,Blackburn,6.7,424904.67819939746,53.749326,-2.4840566
England,Blackley and Broughton,7.8,485477.7893040968,52.36667,-0.76667
England,Blackpool North and Cleveleys,2.7,171537.90501651407,53.8775,-3.03987
England,Blackpool South,1.9,120577.98485680885,53.7983538,-3.0488911
England,Blaydon,4.1,264590.9142116656,54.9659633,-1.7128813
England,Blyth Valley,7.8,504599.69216973346,55.131547,-1.5355715
England,Bognor Regis and Littlehampton,7.5,457637.75017137645,50.80691,-0.53782
England,Bolsover,9.1,572973.915866333,53.228666,-1.2912756
England,Bolton North East,3.0,192594.93635185188,54.6082822,-1.7299041
England,Bolton South East,3.2,196705.37673701678,51.4,-0.5
England,Bolton West,5.2,332458.1523975358,54.322055,-1.949583
England,Bootle,2.3,145259.52219617233,53.4506931,-2.9948834
England,Boston and Skegness,16.2,1018837.5276846323,53.14362,0.3363
England,Bosworth,9.5,613753.417398807,55.0408775,-1.5709682
England,Bournemouth East,4.3,262120.08640033595,50.7263763,-1.8608305
England,Bournemouth West,7.3,444972.0071294952,50.7222328,-1.893668
England,Bracknell,6.8,418074.61093838385,51.4143513,-0.7449925
England,Bradford East,2.7,170822.9465112741,53.5781957,-2.4141644
England,Bradford South,4.6,297490.51278106985,55.1102231,-1.8959079
England,Bradford West,2.7,171338.23631800598,53.7944229,-1.7519186
England,Braintree,8.4,519507.6750363384,51.8780637,0.5537161
England,Brent Central,2.3,141711.9725417658,51.5840951,-0.2114945
England,Brent North,2.6,160165.0395551121,51.5688188,-0.2265437
England,Brentford and Isleworth,2.7,166127.86233868208,51.47518,-0.34246
England,Brentwood and Ongar,5.1,314710.77985804994,51.70379,0.24548
England,Bridgwater and West Somerset,15.7,960570.5126168958,51.0250265,-3.0410959
England,Brigg and Goole,13.4,849422.104261534,53.71667,-0.86667
England,"Brighton, Kemptown",5.5,335691.5375912553,50.8288602,-0.1407393
England,"Brighton, Pavilion",3.7,225810.84704258599,50.8223729,-0.1362482
England,Bristol East,5.1,313074.8424068955,51.2923388,-2.4992622
England,Bristol North West,6.8,418548.1571182275,51.5038777,-2.6560343
England,Bristol South,5.6,344742.1559857895,51.5165674,-2.5342703
England,Bristol West,5.5,338317.1211016507,51.4538022,-2.5972985
England,Broadland,15.8,987663.7376478186,52.6928977,1.2564875
England,Bromley and Chislehurst,2.8,172154.31934121845,51.41709,0.06858
England,Bromsgrove,6.8,423083.389308027,52.3390519,-2.0532018
England,Broxbourne,3.3,203747.8891258444,51.7465723,-0.0190782
England,Broxtowe,6.4,401576.1971632521,52.973462,-1.2648721
England,Buckingham,11.7,724724.5325981032,51.9983175,-0.9786725
England,Burnley,4.2,266512.3587464835,53.7907262,-2.2439196
England,Burton,7.1,444476.18525178207,52.802742,-1.629917
England,Bury North,3.7,228839.74138468114,51.8811097,-0.2760921
England,Bury South,3.2,202462.87826651303,53.5803518,-2.4016597
England,Bury St Edmunds,17.1,1062633.3769946028,52.2460367,0.7125173
England,Calder Valley,7.0,444242.88882883155,53.7996738,-2.3133423
England,Camberwell and Peckham,2.0,123056.24326482142,51.47426,-0.0661387
England,Camborne and Redruth,13.3,805951.1878044849,50.236446,-5.2517242
England,Cambridge,8.9,552773.6685094762,52.2055314,0.1186637
England,Cannock Chase,6.6,412645.62661677937,52.7069197,-1.9784348
England,Canterbury,8.7,533986.3536959485,51.2800275,1.0802533
England,Carlisle,5.0,322335.0431666219,54.8948478,-2.9362311
England,Carshalton and Wallington,3.2,195362.22501866228,50.85,-1.16667
England,Castle Point,4.7,289439.7321048565,51.5445075,0.5840084
England,Central Devon,21.1,1289236.5221336945,50.9171794,-3.703332
England,Central Suffolk and North Ipswich,16.7,1035252.1234911433,52.05917,1.15545
England,Charnwood,8.0,500392.7345338967,52.7392639,-1.1370833
England,Chatham and Aylesford,4.0,245635.30984492027,51.3203555,0.5054466
England,Cheadle,4.5,282415.41357766575,52.9884392,-1.9937596
England,Chelmsford,6.6,407432.9673374021,51.7345329,0.4730532
England,Chelsea and Fulham,0.7,43070.28997437986,51.4753698,-0.1810467
England,Cheltenham,7.5,463974.7140395637,51.8995685,-2.0711559
England,Chesham and Amersham,7.6,468861.8195870281,51.6839371,-0.6113205
England,Chesterfield,8.5,535243.2850303288,53.2352134,-1.4264097
England,Chichester,13.1,799631.1771024131,50.8364862,-0.7791721
England,Chingford and Woodford Green,2.6,160247.683909033,51.60938,0.02329
England,Chippenham,10.3,633615.4316321067,51.4587621,-2.1159032
England,Chipping Barnet,3.0,185004.1831132251,51.65309,-0.2002261
England,Chorley,7.0,443335.8027152332,53.6531915,-2.6294313
England,Christchurch,7.6,463330.35410668305,50.734902,-1.7778853
England,Cities Of London and Westminster,1.7,104631.89897999134,51.5,-0.11667
England,City Of Chester,5.7,358700.96262194216,53.1888838,-2.8907472
England,City Of Durham,7.2,463279.9856709047,54.7647085,-1.5763052
England,Clacton,8.0,494391.9368938901,51.8187698,1.1681303
England,Cleethorpes,9.6,607193.8275745731,53.5572068,-0.0289969
England,Colchester,13.4,828862.5983722896,51.8896903,0.8994651
England,Colne Valley,7.5,462030.57472257625,51.5715504,0.2644778
England,Congleton,8.2,515847.70360849635,53.1635322,-2.2108035
England,Copeland,6.3,392245.514926976,52.3916277,-1.2507626
England,Corby,11.4,710678.4572954593,52.4877341,-0.7032713
England,Coventry North East,4.5,290363.2150439155,54.9562564,-1.4938659
England,Coventry North West,3.1,193044.50094032407,52.4053137,-1.4764734
England,Coventry South,4.3,267032.6546142172,52.1947021,0.2951744
England,Crawley,6.4,391985.4725602942,51.1103444,-0.1801094
England,Crewe and Nantwich,6.6,414660.12079818756,53.06878,-2.52051
England,Croydon Central,3.0,186218.61380452188,52.16045,-0.70312
England,Croydon North,2.8,172061.82167216184,51.374467,-0.0997433
England,Croydon South,5.4,335050.8270031294,52.1277704,-0.0813098
England,Dagenham and Rainham,3.1,190905.8712207733,51.544018,0.1649496
England,Darlington,5.7,365485.74508832593,54.5242081,-1.5555812
England,Dartford,5.1,313674.5885577917,51.4443059,0.21807
England,Daventry,10.3,640156.5718105395,52.25688,-1.16066
England,Denton and Reddish,4.4,277853.71251209266,53.4418,-2.16096
England,Derby North,6.9,422467.96054392133,51.0834518,-4.0489603
England,Derby South,7.1,444865.22759327816,52.8678991,-1.3691556
England,Derbyshire Dales,10.8,679101.8340776308,53.1302876,-1.6561733
England,Devizes,13.5,829354.391498281,51.3525027,-1.9958302
England,Dewsbury,7.3,462578.73948851874,53.6909103,-1.6302142
England,Don Valley,12.2,757289.0294717223,52.16045,-0.70312
England,Doncaster Central,8.7,540033.9800331134,52.16045,-0.70312
England,Doncaster North,9.2,582173.5143673428,53.5918379,-0.991592
England,Dover,7.2,441064.84869818884,51.1251275,1.3134228
England,Dudley North,2.7,174469.2856627349,55.0541243,-1.5949864
England,Dudley South,2.8,174584.06948598003,52.5013588,-2.1899697
England,Dulwich and West Norwood,1.9,116840.46367871371,51.43164,-0.10265
England,Ealing Central and Acton,2.4,147732.48626258006,51.50901,-0.2762
England,Ealing North,3.4,209310.18170032892,51.5174885,-0.2887523
England,"Ealing, Southall",1.8,110797.43378633366,51.5076348,-0.3444593
England,Easington,4.9,315381.35162544803,54.7850506,-1.3530807
England,East Devon,15.1,920812.0324168624,50.7568771,-3.2215643
England,East Ham,1.4,86203.46081586002,51.5329628,0.0553201
England,East Hampshire,12.3,752689.870810409,51.0401277,-0.9656368
England,East Surrey,8.7,533836.5574801005,51.2576502,-0.0027045
England,East Worthing and Shoreham,6.0,366232.6765004983,50.83413,-0.27431
England,East Yorkshire,13.0,825211.3052055723,53.8160149,-1.4433359
England,Eastbourne,6.7,408620.09838754416,50.7664372,0.2781546
England,Eastleigh,8.7,531922.5561125375,50.9691736,-1.3517331
England,Eddisbury,10.6,667334.530580906,53.2192693,-2.6708796
England,Edmonton,1.4,86306.35453783807,51.6267968,-0.0769118
England,Ellesmere Port and Neston,5.5,346704.02281719376,53.3132652,-3.0715748
England,Elmet and Rothwell,7.9,492054.3949417724,52.4210832,-0.8016806
England,Eltham,2.0,123019.37924055428,51.4505687,0.0541253
England,Enfield North,2.4,151037.87738347263,53.1917453,-0.6905168
England,"Enfield, Southgate",2.0,122479.75181448087,51.1000406,-0.2011049
England,Epping Forest,3.7,228347.73643229855,51.7134327,0.1536014
England,Epsom and Ewell,5.1,313247.8404487209,51.3363098,-0.2673817
England,Erewash,6.2,388840.7981914887,52.9380048,-1.3513172
England,Erith and Thamesmead,2.5,153816.94000401135,51.4725315,0.1623514
England,Esher and Walton,5.6,344170.74887750007,51.38533,-0.42066
England,Exeter,8.0,487660.5220413496,50.7255794,-3.5269497
England,Fareham,9.4,573895.3462230115,50.8526637,-1.1783134
England,Faversham and Mid Kent,7.8,478067.8259598809,51.16667,0.66667
England,Feltham and Heston,3.3,203066.88090977346,51.48363,-0.37577
England,Filton and Bradley Stoke,7.0,431035.1710062353,51.53623,-2.54621
England,Finchley and Golders Green,1.9,117054.82630183132,51.57631,-0.20033
England,Folkestone and Hythe,11.6,710009.1665456399,51.0577484,1.0060721
England,Forest Of Dean,13.7,846443.973054764,51.8001701,-2.5307528
England,Fylde,5.2,329979.8533768472,53.7933622,-2.8942601
England,Gainsborough,14.5,915121.5023234874,53.3995376,-0.7758801
England,Garston and Halewood,7.8,492002.0557183686,53.3596,-2.83148
England,Gateshead,2.2,141968.54638003247,54.9625789,-1.6019294
England,Gedling,5.7,357908.26676535286,53.0260538,-1.1071169
England,Gillingham and Rainham,3.9,239623.623677784,51.36323,0.60893
England,Gloucester,7.5,463770.32073743653,51.8653705,-2.2458192
England,Gosport,6.9,420966.24356586474,50.7952074,-1.1210853
England,Grantham and Stamford,11.2,699715.7720194362,52.65,-0.48333
England,Gravesham,7.5,461012.16260267614,51.3972369,0.3961726
England,Great Grimsby,5.0,316290.31668230623,53.5671407,-0.0788045
England,Great Yarmouth,9.0,561951.2581222827,52.6071742,1.7314845
England,Greenwich and Woolwich,3.1,190754.98754944347,51.4816381,0.0366583
England,Guildford,7.3,447808.16583298706,51.2356068,-0.5732063
England,Hackney North and Stoke Newington,1.8,117871.56776138039,55.9393149,-3.1808547
England,Hackney South and Shoreditch,2.4,147765.5648759471,51.5266694,-0.0798926
England,Halesowen and Rowley Regis,3.9,243111.36291587265,52.48292,-2.04376
England,Halifax,4.8,304297.1458733008,53.7229229,-1.8604874
England,Haltemprice and Howden,8.5,539043.0628857429,53.7473189,-0.8622549
England,Halton,4.1,258596.05207606519,53.3538525,-2.7427829
England,Hammersmith,1.2,73850.36307169187,51.4920377,-0.2236401
England,Hampstead and Kilburn,1.5,92390.43325574162,51.5581914,-0.1750378
England,Harborough,8.6,536486.8273237449,52.5385689,-0.9200445
England,Harlow,4.1,253209.59352412523,51.7676194,0.0974893
England,Harrogate and Knaresborough,5.7,362807.38092736725,54.0091,-1.46851
England,Harrow East,2.6,159066.473204366,51.0205154,-0.930328
England,Harrow West,1.9,117059.72051671521,51.5795991,-0.3531364
England,Hartlepool,6.6,424185.2862205034,54.6857276,-1.2093696
England,Harwich and North Essex,13.9,859166.7541831173,51.83333,0.58333
England,Hastings and Rye,7.3,446226.3058159745,50.95114,0.7337
England,Havant,8.0,488417.1921600287,50.8519351,-0.9821263
England,Hayes and Harlington,2.2,135411.0038982327,51.5029246,-0.4191564
England,Hazel Grove,5.2,328081.9055966989,53.3774667,-2.1221506
England,Hemel Hempstead,4.4,271679.88014677895,51.7511784,-0.472528
England,Hemsworth,9.1,576016.0093285559,53.6131631,-1.36018
England,Hendon,2.6,160207.5972013662,51.5897175,-0.2216026
England,Henley,10.5,646563.820348387,51.5375786,-0.9050287
England,Hereford and South Herefordshire,12.3,762730.3526468327,52.08333,-2.75
England,Hertford and Stortford,6.0,372437.22760904377,52.16045,-0.70312
England,Hertsmere,3.6,222083.6277459853,51.6808298,-0.2681113
England,Hexham,9.5,613126.2400984265,54.971478,-2.1017927
England,Heywood and Middleton,5.4,341512.43710127147,53.55,-2.2
England,High Peak,5.5,346962.4001399323,53.3675462,-1.8528746
England,Hitchin and Harpenden,7.5,463480.9493739401,51.81684,-0.35706
England,Holborn and St Pancras,1.8,110812.3954309394,51.5182877,-0.1129078
England,Hornchurch and Upminster,3.7,227889.88592305413,51.55594,0.2556
England,Hornsey and Wood Green,2.4,147907.3363983245,51.6021545,-0.1286043
England,Horsham,10.5,642722.8536691732,51.0630273,-0.3295028
England,Houghton and Sunderland South,9.7,625606.174817476,54.9249433,-2.924263
England,Hove,3.5,213621.44508520537,50.8286917,-0.1745744
England,Huddersfield,4.8,303974.09815292514,53.6466645,-1.7822482
England,Huntingdon,11.7,727870.6100141782,52.3305093,-0.1843514
England,Hyndburn,4.0,253714.85984602675,53.7607317,-2.3900549
England,Ilford North,2.2,142046.775037485,55.0000112,-1.6108627
England,Ilford South,1.9,122676.76025964615,55.0000112,-1.6108627
England,Ipswich,7.4,458727.1053751886,52.0579324,1.1528095
England,Isle Of Wight,19.9,1212247.9596109036,50.6710825,-1.3328043
England,Islington North,1.5,93403.76532004465,52.4013617,-0.5062904
England,Islington South and Finsbury,1.6,98520.15615100836,51.5344951,-0.1051635
England,Jarrow,5.1,329199.31745463534,54.9812514,-1.4908447
England,Keighley,5.1,323974.6535414252,53.8684021,-1.9020456
England,Kenilworth and Southam,9.4,584188.285757254,52.25266,-1.3884
England,Kensington,0.8,49237.91372590839,51.4989948,-0.1991229
England,Kettering,7.3,454553.3822533807,52.3994233,-0.728004
England,Kingston and Surbiton,3.0,184422.38279703408,51.4047687,-0.3027154
England,Kingston Upon Hull East,4.6,291743.01696751657,53.7536,-0.4276738
England,Kingston Upon Hull North,3.7,234769.56968519973,53.7861208,-0.3226523
England,Kingston Upon Hull West and Hessle,2.8,177510.67333284396,53.72454,-0.43842
England,Kingswood,5.0,307595.78127252136,51.4627405,-2.5083916
England,Knowsley,8.6,543178.3280990698,53.4552358,-2.8546852
England,Lancaster and Fleetwood,5.5,349660.66992506076,53.9246318,-3.0076372
England,Leeds Central,4.1,254402.56322370179,52.1314298,-0.2894091
England,Leeds East,4.2,266603.21090679156,53.8150727,-1.4627702
England,Leeds North East,3.9,251523.63527912728,54.9225753,-1.3774208
England,Leeds North West,4.0,253837.31113427453,53.7952356,-1.547738
England,Leeds West,3.3,209422.17955179614,53.7974185,-1.5437941
England,Leicester East,7.3,455877.3723808165,52.619128,-1.2055887
England,Leicester South,4.5,281963.4608583806,52.8696468,0.7701886
England,Leicester West,7.5,468295.53172851517,52.6076266,-1.2722292
England,Leigh,5.5,347577.240693399,53.4960455,-2.5171495
England,Lewes,12.3,751151.1355550323,50.8746139,0.0051153
England,Lewisham East,1.7,107347.89923680027,53.4386428,-2.9134318
England,Lewisham West and Penge,1.9,116816.55504287149,51.41543,-0.05004
England,"Lewisham, Deptford",2.0,123042.8303914526,51.4656437,-0.0139562
England,Leyton and Wanstead,1.9,117055.55536859235,51.5768,0.02463
England,Lichfield,7.8,487525.35719932534,52.6843696,-1.8275286
England,Lincoln,7.1,447049.78665917076,53.2293545,-0.5404819
England,"Liverpool, Riverside",2.2,136560.3167899827,52.16045,-0.70312
England,"Liverpool, Walton",2.3,145261.48544137803,53.4516732,-2.9578365
England,"Liverpool, Wavertree",2.2,138838.85110722602,53.3957841,-2.9167488
England,"Liverpool, West Derby",3.7,233615.90967392258,53.4313012,-2.9162077
England,Loughborough,7.7,481841.5179826538,52.7723859,-1.2077985
England,Louth and Horncastle,15.3,963076.7067834022,53.20775,-0.1172
England,Ludlow,12.6,784246.9671064175,52.3679896,-2.7193114
England,Luton North,3.8,235876.91081906104,52.16045,-0.70312
England,Luton South,3.5,216471.47423038894,51.8816291,-0.4102818
England,Macclesfield,5.6,352753.5688158579,53.2606635,-2.1255158
England,Maidenhead,7.7,474057.5816673249,51.522743,-0.7197368
England,Maidstone and The Weald,7.6,465326.324276552,51.08333,0.41667
England,Makerfield,4.9,309613.39398609044,53.4852134,-2.6417771
England,Maldon,9.6,592604.4747958757,51.731198,0.6791849
England,Manchester Central,4.2,265369.38221536635,53.4815221,-2.2417753
England,"Manchester, Gorton",2.7,170550.23454346936,53.4626762,-2.1715104
England,"Manchester, Withington",6.6,416671.20265183423,53.4227529,-2.2467259
England,Mansfield,8.4,528291.5784258252,53.1443785,-1.1964165
England,Meon Valley,11.6,710519.5053214949,51.1155259,-1.5091639
England,Meriden,5.8,361332.49148637964,52.4373156,-1.647117
England,Mid Bedfordshire,9.9,613489.9202815342,52.0312256,-0.5843451
England,Mid Derbyshire,6.6,416016.54637970106,53.3083057,-1.3744125
England,Mid Dorset and North Poole,9.1,554653.3899818292,50.71667,-2.0
England,Mid Norfolk,19.0,1198595.1425282427,53.3674102,-1.4675183
England,Mid Sussex,9.7,593328.6884201562,51.0053398,-0.1273154
England,Mid Worcestershire,11.5,713418.5328550022,52.1153176,-1.9131724
England,Middlesbrough,3.2,205338.73532121567,54.5760419,-1.2344047
England,Middlesbrough South and East Cleveland,7.8,500144.10548341594,54.525,-1.189
England,Milton Keynes North,10.1,625673.1624971158,52.005263,-0.729133
England,Milton Keynes South,9.7,600787.9420327278,51.9916233,-0.6988155
England,Mitcham and Morden,2.3,141370.70349674654,51.3936692,-0.1719061
England,Mole Valley,8.9,545851.9215344277,51.2200945,-0.3347552
England,Morecambe and Lunesdale,5.3,337629.0400965207,54.0681534,-2.8747898
England,Morley and Outwood,7.1,450037.3103495059,53.71195,-1.50126
England,New Forest East,9.4,583484.9899208351,52.16045,-0.70312
England,New Forest West,10.1,640491.616877777,53.7452646,-1.5269308
England,Newark,13.8,867073.6217401592,53.0736266,-0.8005422
England,Newbury,8.9,547100.7967064299,51.4020243,-1.3242212
England,Newcastle Upon Tyne Central,3.1,200060.97288022575,54.9674682,-1.6202832
England,Newcastle Upon Tyne East,2.2,141991.13793931386,54.9733971,-1.6104024
England,Newcastle Upon Tyne North,5.2,335617.6403224606,54.9738474,-1.6131572
England,Newcastle-Under-Lyme,5.2,326449.65397854784,53.0117627,-2.2273919
England,Newton Abbot,11.7,711503.3099249392,50.5296441,-3.6112097
England,"Normanton, Pontefract and Castleford",8.5,538881.6870045658,53.72587,-1.36256
England,North Cornwall,21.0,1272586.1144995452,50.2385215,-5.2321318
England,North Devon,17.9,1095668.049416716,51.061456,-3.9239233
England,North Dorset,14.2,867660.772070354,50.91932,-2.25879
England,North Durham,5.7,366735.3053646129,54.7594695,-1.3327974
England,North East Bedfordshire,11.8,730934.67902256,52.0,-0.5
England,North East Cambridgeshire,14.0,870798.0259625791,52.31667,0.3
England,North East Derbyshire,7.9,497376.2061966607,53.2226728,-1.5239286
England,North East Hampshire,10.2,625806.3449786336,51.2485957,-0.7562462
England,North East Hertfordshire,7.7,476177.8113573162,51.8719404,0.1587861
England,North East Somerset,10.4,639141.5279196466,51.3812678,-2.3622445
England,North Herefordshire,19.6,1215407.716412839,52.08333,-2.75
England,North Norfolk,14.5,908133.9896442621,52.835652,1.1276598
England,North Shropshire,14.8,924829.8135277225,52.66667,-2.75
England,North Somerset,16.4,1008072.2205596386,51.3966305,-2.7691289
England,North Swindon,7.8,480483.08054730453,51.566847,-1.7846131
England,North Thanet,6.4,393245.54404127767,51.36667,1.41667
England,North Tyneside,8.3,536139.0561463499,55.0297994,-1.508256
England,North Warwickshire,5.7,355685.97276550665,52.561361,-1.6296344
England,North West Cambridgeshire,19.5,1213162.6328989584,52.33333,0.08333
England,North West Durham,8.6,552258.3537115138,54.6273845,-1.652399
England,North West Hampshire,10.7,654453.2972166123,51.0,-1.25
England,North West Leicestershire,9.1,569434.0775066362,52.7704201,-1.3965047
England,North West Norfolk,10.3,644279.900666234,52.7420792,0.422174
England,North Wiltshire,11.4,702025.7955473877,51.5423177,-1.857718
England,Northampton North,4.7,292297.29198731,52.3057103,-0.7887963
England,Northampton South,6.5,404097.1345279295,52.2785772,-0.8583131
England,Norwich North,6.4,399712.2234138422,52.6264455,1.2452551
England,Norwich South,5.6,349705.0483535206,52.6171716,1.221652
England,Nottingham East,5.2,326192.37254520674,52.9534193,-1.1496461
England,Nottingham North,11.1,696813.2944333084,53.0084577,-1.1734126
England,Nottingham South,6.8,418558.46833145333,51.505822,-0.1887137
England,Nuneaton,4.8,299379.1593899224,52.5246182,-1.4684488
England,Old Bexley and Sidcup,2.2,135276.45868223664,51.424323,0.1074816
England,Oldham East and Saddleworth,4.1,259290.9503530861,53.54846,-2.00455
England,Oldham West and Royton,4.1,259350.61730174668,53.56507,-2.12267
England,Orpington,3.9,239673.148797042,51.3796373,0.1053732
England,Oxford East,4.8,296363.1857543232,51.7472625,-1.235203
England,Oxford West and Abingdon,7.9,487289.58468354936,51.67109,-1.28278
England,Pendle,6.2,393910.3766846978,53.8790402,-2.1717795
England,Penistone and Stocksbridge,8.3,524427.5835285522,53.4825078,-1.590469
England,Penrith and The Border,13.8,856605.6235008007,52.16045,-0.70312
England,Peterborough,21.7,1354304.314949741,52.5725769,-0.2427336
England,"Plymouth, Moor View",12.6,768122.1808326995,50.7316287,-4.234419
England,"Plymouth, Sutton and Devonport",5.5,333855.2304679813,50.37807,-4.17534
England,Poole,8.3,505900.5551072423,50.7179472,-1.981521
England,Poplar and Limehouse,2.0,123108.8981398797,51.508044,-0.0148512
England,Portsmouth North,5.1,311769.7927831843,50.9570164,-3.951232
England,Portsmouth South,2.9,178630.41253677753,51.5621177,-1.7744005
England,Preston,2.7,171254.19109906798,53.7593363,-2.6992717
England,Pudsey,4.3,272880.2627790896,53.796585,-1.6629008
England,Putney,1.3,79974.71288213825,51.4625524,-0.2167462
England,Rayleigh and Wickford,6.0,369810.020944249,51.61101,0.52331
England,Reading East,5.7,358817.67259785417,53.2127308,0.1718653
England,Reading West,5.6,344491.8382658696,51.4591971,-0.9723236
England,Redcar,5.4,346719.2118036975,54.6179021,-1.0687914
England,Redditch,5.8,360707.55774305714,52.3057655,-1.9417444
England,Reigate,7.2,441685.1373036829,51.2376557,-0.2057067
England,Ribble Valley,8.9,565639.574381465,53.9026441,-2.422856
England,Richmond (Yorks),16.0,993165.9402907833,52.16045,-0.70312
England,Richmond Park,3.6,221401.14727873128,51.4385116,-0.274735
England,Rochdale,4.1,259531.6353536421,53.6153659,-2.1557561
England,Rochester and Strood,5.0,307336.41570296214,51.39594,0.49361
England,Rochford and Southend East,4.3,266913.346453148,52.16045,-0.70312
England,Romford,2.6,160179.7515220128,51.5760462,0.1822646
England,Romsey and Southampton North,9.5,589692.2770476525,52.16045,-0.70312
England,Rossendale and Darwen,6.9,437275.3389685174,53.69803,-2.46494
England,Rother Valley,9.9,624285.219866252,53.3387271,-1.3138906
England,Rotherham,5.2,328323.8883651926,53.4310417,-1.355187
England,Rugby,7.2,448168.71282782906,52.3726682,-1.2620038
England,"Ruislip, Northwood and Pinner",3.2,197188.92082707988,51.59384,-0.38216
England,Runnymede and Weybridge,5.8,356403.4161749596,51.37216,-0.45297
England,Rushcliffe,11.2,702180.6417811321,52.9125011,-1.0110622
England,Rutland and Melton,14.6,905609.7985964724,52.105,1.32984
England,Saffron Walden,14.1,873649.0223904869,52.021569,0.2411256
England,Salford and Eccles,3.4,214827.29638912994,53.4830267,-2.3452464
England,Salisbury,10.0,612162.8952221377,51.0690613,-1.7954134
England,Scarborough and Whitby,8.0,512692.68598994834,54.48774,-0.61498
England,Scunthorpe,11.6,734049.0504498649,53.5922488,-0.6450841
England,Sedgefield,7.8,501073.03661239694,54.6531916,-1.4496577
England,Sefton Central,3.9,238068.96203407075,50.8401838,0.462184
England,Selby and Ainsty,14.5,900056.6333885224,52.16045,-0.70312
England,Sevenoaks,6.9,423477.17387880915,51.2745218,0.1961166
England,Sheffield Central,3.0,189307.51773114636,53.3887994,-1.469368
England,Sheffield South East,6.6,416795.44649793016,53.4443895,-1.3206678
England,"Sheffield, Brightside and Hillsborough",2.7,170407.19274995127,53.40178,-1.49893
England,"Sheffield, Hallam",6.8,422095.5246235829,52.16045,-0.70312
England,"Sheffield, Heeley",3.0,189260.88895974748,53.3708803,-1.4683499
England,Sherwood,11.9,746759.086590385,52.9812277,-1.1503521
England,Shipley,4.8,304762.43363409914,53.8321814,-1.7779777
England,Shrewsbury and Atcham,9.9,618743.1496336414,52.67964,-2.67975
England,Sittingbourne and Sheppey,7.2,442251.3049848011,51.3397366,0.7342319
England,Skipton and Ripon,11.5,733288.1875612763,54.13521,-1.52122
England,Sleaford and North Hykeham,18.2,1145234.9498368201,53.18306,-0.58766
England,Slough,3.4,209293.23618732896,51.5111014,-0.5940682
England,Solihull,3.5,217975.604664384,52.4130189,-1.7768935
England,Somerton and Frome,19.7,1208358.6944441167,51.22834,-2.32211
England,South Basildon and East Thurrock,4.3,264657.1562435075,51.5,0.41667
England,South Cambridgeshire,25.7,1595672.416936444,52.179654,-0.0034368
England,South Derbyshire,9.4,588617.111429014,52.8224616,-1.5026362
England,South Dorset,9.5,579914.3736260005,50.8405763,0.4833467
England,South East Cambridgeshire,18.6,1156917.3773502836,52.31667,0.3
England,South East Cornwall,16.6,1008104.754620509,50.41667,-4.75
England,South Holland and The Deepings,14.5,999649.2189437564,59.0854869,-2.5921927
England,South Leicestershire,9.6,598800.1405818801,52.5298901,-1.4501139
England,South Norfolk,20.7,1290940.8315417583,52.5169106,1.3661678
England,South Northamptonshire,11.3,701035.1752244215,52.11794,-1.01717
England,South Ribble,7.3,462812.5558709164,53.7271527,-2.7330066
England,South Shields,5.0,322827.54226151574,54.9987414,-1.4321848
England,South Staffordshire,5.6,349647.3929653775,52.6047717,-2.2591648
England,South Suffolk,16.5,1005768.5967116106,50.7230415,-1.8916432
England,South Swindon,8.7,535803.2489596495,51.5491874,-1.7745528
England,South Thanet,6.8,417823.39054385753,51.36667,1.41667
England,South West Bedfordshire,5.8,359272.9778246481,52.0,-0.5
England,South West Devon,13.3,806419.212158866,50.2849066,-3.7778624
England,South West Hertfordshire,6.3,389406.5144858732,51.83333,-0.25
England,South West Norfolk,15.6,975954.5289535803,52.7537202,0.3968476
England,South West Surrey,8.9,546056.3186727171,51.25,-0.33333
England,South West Wiltshire,13.4,822152.2101364504,51.25,-1.91667
England,"Southampton, Itchen",4.9,299354.35276174406,50.9058615,-1.3908774
England,"Southampton, Test",5.1,311788.0678305521,50.9617568,-1.4239975
England,Southend West,3.5,215183.71055692385,51.4137065,-1.2610229
England,Southport,3.6,227983.5357003043,53.6475988,-3.0041751
England,Spelthorne,3.7,227512.45208678208,51.4250347,-0.4592861
England,St Albans,5.7,351957.37856966135,51.753051,-0.3379675
England,St Austell and Newquay,16.1,977727.8854965294,50.41563,-5.07521
England,St Helens North,5.2,332464.3864492244,54.3233651,-1.4870665
England,St Helens South and Whiston,5.6,353469.8778911146,53.40851,-1.3151
England,St Ives,13.1,793627.136472121,50.2149064,-5.4795083
England,Stafford,7.7,482060.6537023853,52.8063157,-2.1163818
England,Staffordshire Moorlands,6.5,408392.7738600133,53.0715567,-1.9742007
England,Stalybridge and Hyde,6.1,385256.7926917225,53.45131,-2.07943
England,Stevenage,4.7,290765.35278317844,51.9016663,-0.2027155
England,Stockport,4.9,309283.55059007293,53.407901,-2.160243
England,Stockton North,7.2,464196.07535243744,54.8997858,-1.3848849
England,Stockton South,7.5,467572.006220552,52.4910311,1.5212459
England,Stoke-On-Trent Central,6.6,409680.9503699481,52.16045,-0.70312
England,Stoke-On-Trent North,8.7,545985.6448851025,52.9860695,-2.1751228
England,Stoke-On-Trent South,9.4,590049.7494142408,53.0028962,-2.184813
England,Stone,9.9,620600.641674574,52.9033037,-2.1477653
England,Stourbridge,4.1,255493.65007434308,52.4577615,-2.1474345
England,Stratford-On-Avon,10.1,627200.4974532377,52.1927803,-1.70634
England,Streatham,1.6,98389.6445899554,51.429769,-0.1311105
England,Stretford and Urmston,3.2,202094.14905603378,53.44852,-2.35419
England,Stroud,13.8,852024.0971163792,51.745424,-2.2198605
England,Suffolk Coastal,17.5,1086127.438551971,52.15001,1.41469
England,Sunderland Central,5.1,316298.8707434594,52.0942345,-0.2291939
England,Surrey Heath,7.1,436087.82311820844,51.335889,-0.6916534
England,Sutton and Cheam,2.9,178181.96502618495,51.363362,-0.1971463
England,Sutton Coldfield,4.1,255847.5140480326,52.5623089,-1.8239794
England,Tamworth,5.5,343539.88931439,52.6345819,-1.6948438
England,Tatton,6.8,432610.10462142533,53.974264,-2.0361786
England,Taunton Deane,14.4,892020.8855865058,52.0028405,-0.7683536
England,Telford,5.7,356238.4632642471,52.6780419,-2.4514273
England,Tewkesbury,10.3,637967.9357197784,51.9937857,-2.1549574
England,The Cotswolds,11.5,738831.3366718749,54.6597007,-1.5532988
England,The Wrekin,8.2,512093.10082833446,52.620841,-2.4569226
England,Thirsk and Malton,16.5,1052099.1296530091,54.13454,-0.79669
England,Thornbury and Yate,10.4,640431.7619297927,51.54074,-2.41839
England,Thurrock,4.6,283150.3684820095,51.5080169,0.3962817
England,Tiverton and Honiton,20.4,1244662.9607136645,50.7996,-3.18899
England,Tonbridge and Malling,8.2,503245.11327108723,51.2717306,0.3566598
England,Tooting,1.6,98387.22485066074,51.4278214,-0.1679667
England,Torbay,5.9,358430.26176335174,50.446247,-3.5394998
England,Torridge and West Devon,21.3,1297220.8385663086,50.65144,-4.03255
England,Totnes,17.3,1050813.175075648,50.4322816,-3.6871525
England,Tottenham,1.4,86274.38444807481,51.5976955,-0.0672892
England,Truro and Falmouth,15.3,926238.8455786769,50.15441,-5.07113
England,Tunbridge Wells,8.2,502399.10369153984,51.1371483,0.2673446
England,Twickenham,3.3,202972.16486527998,51.4467444,-0.3281887
England,Tynemouth,6.1,393960.1197020812,55.0177847,-1.4256042
England,Uxbridge and South Ruislip,2.4,147821.5178095473,51.5565,-0.39882
England,Vauxhall,1.5,92307.63060257575,51.4874834,-0.1229297
England,Wakefield,5.6,354815.5970720444,53.6829541,-1.4967286
England,Wallasey,3.6,227279.4834673497,53.4241208,-3.0394101
England,Walsall North,3.5,218610.79660373644,52.6326929,-2.0167166
England,Walsall South,4.1,255915.16670502594,52.5822259,-1.9876859
England,Walthamstow,3.3,203326.84316207422,51.5844701,-0.0188186
England,Wansbeck,6.4,412514.2533347027,54.8825123,-1.5462023
England,Wantage,12.1,745563.3963371691,51.5878072,-1.4249258
England,Warley,1.9,120445.92636701181,53.7199311,-1.9151607
England,Warrington North,7.2,454446.0713357202,53.4060799,-2.5924504
England,Warrington South,6.3,397510.9483840964,53.3824261,-2.6024673
England,Warwick and Leamington,6.8,422766.157737647,52.2818956,-1.5263936
England,Washington and Sunderland West,10.4,634390.5688773753,50.78117,-0.69523
England,Watford,3.6,222011.5255754996,51.6553875,-0.3957425
England,Waveney,10.0,624431.947241379,52.6121921,-1.6698165
England,Wealden,14.0,855681.6098531903,50.9421692,0.1972801
England,Weaver Vale,7.6,468303.5408247388,51.590458,-1.4233977
England,Wellingborough,8.1,503721.1492013063,52.30189,-0.6937309
England,Wells,14.6,895323.2817283544,51.2094511,-2.6451203
England,Welwyn Hatfield,5.8,358224.132348612,51.7731055,-0.2095171
England,Wentworth and Dearne,8.9,562312.6858690901,53.479246,-1.4201935
England,West Bromwich East,2.8,174604.52421593256,52.51021,-2.0295615
England,West Bromwich West,3.5,218280.07069079118,52.5186579,-1.9923114
England,West Dorset,17.8,1085962.1267951177,50.79455,-2.61023
England,West Ham,1.8,110841.91368112664,51.5392861,-0.0082531
England,West Lancashire,6.5,411427.3045882935,53.6109397,-2.8565713
England,West Suffolk,14.8,919851.7734207009,52.2581376,0.6174826
England,West Worcestershire,14.4,895570.9395949602,52.3075646,-1.9415483
England,Westminster North,0.8,50612.10838045697,53.5752059,-0.072449
England,Westmorland and Lonsdale,10.0,638260.3925814617,54.2033891,-2.6142423
England,Weston-Super-Mare,13.5,829298.9779829744,51.3471927,-2.9778916
England,Wigan,4.3,271928.9677028957,53.5457188,-2.6264624
England,Wimbledon,2.9,178312.56537628162,51.4214787,-0.2064027
England,Winchester,10.8,661071.9867929715,51.0612766,-1.3131692
England,Windsor,5.3,326138.37259920273,51.4837886,-0.6040419
England,Wirral South,3.6,226925.01856790102,53.310525,-2.9791049
England,Wirral West,3.8,239737.21001027085,53.3729293,-3.1848872
England,Witham,9.3,574606.563660251,51.8019608,0.6383746
England,Witney,12.3,759787.2440052599,51.7838848,-1.4852861
England,Woking,6.9,423720.02343945834,51.3201891,-0.5564726
England,Wokingham,9.4,578238.7115787272,51.4570846,-0.886537
England,Wolverhampton North East,3.3,204840.47518497406,52.16045,-0.70312
England,Wolverhampton South East,3.1,190558.333713985,51.4,-0.5
England,Wolverhampton South West,2.9,180733.7525370881,52.4656073,-1.9845376
England,Worcester,6.3,391215.9241033257,52.1911849,-2.2206585
England,Workington,6.7,430336.32228418795,54.6415716,-3.5459287
England,Worsley and Eccles South,7.5,473890.6916476801,53.4840887,-2.3375175
England,Worthing West,6.3,384437.5712218811,50.8115402,-0.3699697
England,Wycombe,5.4,332916.92630403506,51.6317449,-0.75596
England,Wyre and Preston North,8.6,533826.692906296,52.16045,-0.70312
England,Wyre Forest,6.4,398437.1694218545,52.3850592,-2.2347966
England,Wythenshawe and Sale East,4.0,248291.48507269582,52.16045,-0.70312
England,Yeovil,12.7,776224.2701709949,50.9420451,-2.6318629
England,York Central,5.7,362552.98443240003,53.9593817,-1.0814175
England,York Outer,9.4,583484.9899208351,52.16045,-0.70312
Scotland,Aberdeen North,3.0,200358.08787353968,57.191426,-2.2775359
Scotland,Aberdeen South,3.1,206848.13499750211,57.134873,-2.0605545
Scotland,Airdrie and Shotts,3.2,209166.20506367568,55.81951,-3.79749
Scotland,Angus,10.2,675536.8836478343,56.666667,-2.916667
Scotland,Argyll and Bute,7.5,495110.00114827685,56.4603494,-5.8618419
Scotland,"Ayr, Carrick and Cumnock",5.8,377026.0351062396,55.45445,-4.26644
Scotland,Banff and Buchan,17.1,1150973.6696945496,57.6697309,-2.5276082
Scotland,"Berwickshire, Roxburgh and Selkirk",15.6,1015488.4083346924,55.54738,-2.83911
Scotland,"Caithness, Sutherland and Easter Ross",6.9,454881.35519879597,56.3731931,-3.9989388
Scotland,Central Ayrshire,5.5,357769.4702488241,55.5,-4.5
Scotland,"Coatbridge, Chryston and Bellshill",2.9,189548.66873932647,55.81667,-4.01667
Scotland,"Cumbernauld, Kilsyth and Kirkintilloch East",4.5,294953.3161496632,56.0,-4.0
Scotland,Dumfries and Galloway,11.7,756359.8212232756,55.083333,-3.833333
Scotland,"Dumfriesshire, Clydesdale and Tweeddale",12.2,789656.5844008746,55.166667,-3.5
Scotland,Dundee East,5.0,330084.7901564971,56.4625667,-2.9614342
Scotland,Dundee West,3.0,198037.1444296475,56.4581375,-2.9705269
Scotland,Dunfermline and West Fife,5.8,382126.5922678699,56.33333,-3.0
Scotland,East Dunbartonshire,3.0,196434.61506083608,55.933333,-4.2
Scotland,"East Kilbride, Strathaven and Lesmahagow",5.0,325916.17349256866,55.63668,-3.88736
Scotland,East Lothian,9.0,589145.6681362693,55.915797,-2.7511952
Scotland,East Renfrewshire,2.9,189354.9445023833,55.7494793,-4.3606592
Scotland,Edinburgh East,1.9,124460.80542303005,55.9607187,-3.2217786
Scotland,Edinburgh North and Leith,1.0,65518.33773667244,55.9733107,-3.1703417
Scotland,Edinburgh South,3.4,222689.2372117042,55.9519018,-3.1904199
Scotland,Edinburgh South West,2.4,157308.43527982038,56.0,-4.0
Scotland,Edinburgh West,4.4,288175.3707502339,55.9494788,-3.1908519
Scotland,Falkirk,4.3,281840.7996920316,55.9991959,-3.784376
Scotland,Glasgow Central,2.0,130808.46479295705,55.8594071,-4.257852
Scotland,Glasgow East,2.1,137407.24135440352,55.8872133,-4.3268252
Scotland,Glasgow North,1.0,65417.42573923121,55.8726149,-4.2901568
Scotland,Glasgow North East,1.6,104504.72327792791,55.7702706,-4.2077123
Scotland,Glasgow North West,1.1,71999.03457175274,55.9088457,-4.3745319
Scotland,Glasgow South,1.2,78061.50024435956,55.5023054,-4.5775966
Scotland,Glasgow South West,2.1,137188.49365315514,55.7827496,-4.1653705
Scotland,Glenrothes,4.9,322144.43527920404,56.1961905,-3.1716324
Scotland,Gordon,11.4,743577.584714197,55.6801057,-2.563132
Scotland,Inverclyde,2.8,183245.47487196076,55.9,-4.75
Scotland,"Inverness, Nairn, Badenoch and Strathspey",9.6,629233.7411192815,56.0,-4.0
Scotland,Kilmarnock and Loudoun,5.1,334280.4249696183,56.0,-4.0
Scotland,Kirkcaldy and Cowdenbeath,5.3,347988.5322747503,56.11194,-3.34426
Scotland,Lanark and Hamilton East,6.0,393271.0881995509,56.0,-4.0
Scotland,Linlithgow and East Falkirk,6.3,412929.3795043467,55.99917,-3.78713
Scotland,Livingston,7.1,464538.7972191017,55.8831932,-3.5149461
Scotland,Midlothian,6.1,398807.1170253069,55.833333,-3.083333
Scotland,Moray,10.9,730629.6452505529,57.416667,-3.25
Scotland,Motherwell and Wishaw,3.1,202466.81336853627,55.76667,-3.91667
Scotland,Na H-Eileanan An Iar,1.4,94227.01379262007,57.666667,-7.166667
Scotland,North Ayrshire and Arran,6.2,403798.9633663489,55.58145,-5.21233
Scotland,North East Fife,7.8,513894.38270506635,56.33333,-3.0
Scotland,Ochil and South Perthshire,11.2,739823.6479109958,56.5,-4.0
Scotland,Orkney and Shetland,2.4,168638.26827823347,60.15456,-1.14899
Scotland,Paisley and Renfrewshire North,3.8,248493.55481677342,55.8481954,-4.4249329
Scotland,Paisley and Renfrewshire South,2.5,163482.60185314043,55.8481954,-4.4249329
Scotland,Perth and North Perthshire,9.9,653951.2602070408,56.5,-4.0
Scotland,"Ross, Skye and Lochaber",8.3,552180.1873388746,56.95,-5.05
Scotland,Rutherglen and Hamilton West,4.1,268735.24360302644,56.0,-4.0
Scotland,Stirling,15.7,1030932.3232431002,56.1181242,-3.9360012
Scotland,West Aberdeenshire and Kincardine,15.6,1023553.677160341,56.06667,-3.71667
Scotland,West Dunbartonshire,3.4,222739.65063535166,55.966667,-4.533333
Wales,Aberavon,3.5,215692.66970185906,51.60014,-3.7954912
Wales,Aberconwy,3.8,239453.00159130944,53.2864577,-3.8361596
Wales,Alyn and Deeside,7.8,491882.3200549635,53.3418732,-1.2789459
Wales,Arfon,5.2,325773.1322223162,52.8579321,-4.1094171
Wales,Blaenau Gwent,3.5,216115.06606880858,51.7533711,-3.1848444
Wales,Brecon and Radnorshire,12.3,775660.5816251348,53.3418732,-1.2789459
Wales,Bridgend,5.2,320070.7319579305,51.5049859,-3.5756674
Wales,Caerphilly,5.3,326921.18433053856,51.6723809,-3.1783938
Wales,Cardiff Central,2.6,159975.72066335395,51.4755466,-3.1797658
Wales,Cardiff North,4.2,258504.2723768681,51.5005905,-3.2054691
Wales,Cardiff South and Penarth,5.6,353146.28106510197,53.3418732,-1.2789459
Wales,Cardiff West,4.1,252021.99931205643,51.3978716,-3.344589
Wales,Carmarthen East and Dinefwr,13.8,870253.3354818585,53.3418732,-1.2789459
Wales,Carmarthen West and South Pembrokeshire,13.6,857640.9683009621,53.3418732,-1.2789459
Wales,Ceredigion,15.0,932727.463614441,52.2945764,-3.952781
Wales,Clwyd South,7.7,485576.1364645153,53.3418732,-1.2789459
Wales,Clwyd West,8.9,560259.6746391229,53.2127964,-3.0404103
Wales,Cynon Valley,3.6,222185.81089767255,51.7168234,-3.4482602
Wales,Delyn,9.4,590124.8529520303,53.0123043,-3.0420702
Wales,Dwyfor Meirionnydd,8.9,558086.0664733845,52.9262284,-4.1314383
Wales,Gower,7.3,450011.23224006366,51.6242222,-3.9822489
Wales,Islwyn,4.2,259105.60601459802,51.6832597,-4.1125561
Wales,Llanelli,7.3,450329.93845241965,51.6797331,-4.1620223
Wales,Merthyr Tydfil and Rhymney,3.5,220716.42566568876,53.3418732,-1.2789459
Wales,Monmouth,14.6,902162.3506301993,51.8098882,-2.7160441
Wales,Montgomeryshire,13.1,818530.1992942722,52.6603303,-3.1488995
Wales,Neath,4.8,296043.52127920644,51.6628422,-3.8039117
Wales,Newport East,6.2,382042.12936592096,51.5914932,-2.9906176
Wales,Newport West,5.3,326634.39128192404,51.6035234,-3.0953513
Wales,Ogmore,5.3,326125.1180830975,51.4805778,-3.6117474
Wales,Pontypridd,6.2,382083.98613717715,51.6001047,-3.3449362
Wales,Preseli Pembrokeshire,14.4,891344.2736825931,51.9441571,-4.6610582
Wales,Rhondda,3.3,206743.67136387408,52.8590224,-4.1072377
Wales,Swansea East,4.7,289764.92383701826,51.6327999,-3.9367083
Wales,Swansea West,3.3,203417.74762712466,51.6195955,-3.9459248
Wales,Torfaen,6.4,394919.5136684951,51.70148,-3.0520503
Wales,Vale Of Clwyd,6.5,409660.28221168614,53.2988675,-3.4992528
Wales,Vale Of Glamorgan,8.5,522809.2069455853,51.4470646,-3.3988831
Wales,Wrexham,6.2,389411.6038963502,53.0465084,-2.9937869
Wales,Ynys MÃ´n,13.5,850592.4322823116,53.2782257,-4.331344
Northern Ireland,Belfast East,2.5,160469.17098168415,54.5968341,-5.9365844
Northern Ireland,Belfast North,2.8,179779.72730632048,54.61767,-5.9054669
Northern Ireland,Belfast South,2.7,173305.7046457196,54.5964356,-5.9295068
Northern Ireland,Belfast West,2.2,141219.53944403664,54.6000953,-5.9348072
Northern Ireland,East Antrim,6.3,404760.2823090469,54.6612666,-6.2136408
Northern Ireland,East Londonderry,8.6,555258.1276806756,54.9981,-7.30934
Northern Ireland,Fermanagh and South Tyrone,10.6,680256.2933619774,54.58333,-7.0
Northern Ireland,Foyle,4.3,277657.10840807686,55.0049578,-7.316049
Northern Ireland,Lagan Valley,8.3,532102.478405854,54.5116997,-6.0348451
Northern Ireland,Mid Ulster,9.8,628159.5594657348,54.5,-7.0
Northern Ireland,Newry and Armagh,8.4,536025.9697460587,54.1886138,-6.3625277
Northern Ireland,North Antrim,9.1,587557.0180069021,55.0,-6.16667
Northern Ireland,North Down,5.1,327659.5813881533,54.66053,-5.66826
Northern Ireland,South Antrim,7.8,503620.3011487733,55.0,-6.16667
Northern Ireland,South Down,10.0,639445.8060573676,54.33333,-5.75
Northern Ireland,Strangford,7.9,505432.0606932565,54.3705992,-5.5561416
Northern Ireland,Upper Bann,7.0,448685.399618382,54.5,-6.51667
Northern Ireland,West Tyrone,9.2,590411.1225405842,54.58333,-7.0
